user,id_mac,timestamp,cpu_percent,cpu_time_user,cpu_ctx_switches,processo_pid_max_cpu,processo_name_max_cpu,processo_cpu_percent_max_cpu,total_processos,virtual_memory_usage,disk_read_kbps,disk_write_kbps,disk_percent,net_kbps_recv,net_packets_sent,net_packets_recv,net_errin,net_errout,net_dropin,net_dropout,usuarios_logados
muril,4c:44:5b:f2:74:61,21/04/2026 22:10:03,29.7,21858.02,155687,0,System Idle Process,22.85,274,91.48207073797576,33668.4,259.5,65.7,10.66,484,296,0,0,0,0,1
muril,4c:44:5b:f2:74:61,21/04/2026 22:10:11,17.2,21868.61,180174,0,System Idle Process,36.65,274,92.21353567494799,21426.2,243.6,65.7,7.42,525,250,0,0,0,0,1
muril,4c:44:5b:f2:74:61,21/04/2026 22:10:19,21.8,21874.67,100896,0,System Idle Process,68.7,274,92.01468608493452,10625.0,253.3,65.7,13.47,727,320,0,0,0,0,1
muril,4c:44:5b:f2:74:61,21/04/2026 22:10:27,25.8,21878.91,66338,0,System Idle Process,59.325,274,92.21652184555134,6153.1,231.7,65.7,11.13,645,213,0,0,0,0,1
muril,4c:44:5b:f2:74:61,21/04/2026 22:10:36,87.8,21886.86,156577,0,System Idle Process,51.875,274,88.14690980296169,15941.9,23570.9,65.7,15.98,629,376,0,0,0,0,1
muril,4c:44:5b:f2:74:61,21/04/2026 22:10:49,28.3,21896.08,152730,7244,msedgewebview2.exe,24.775,274,92.37953738832456,144579.6,51798.6,65.7,69.28,1191,1185,0,0,0,0,1
muril,4c:44:5b:f2:74:61,21/04/2026 22:11:01,96.7,21914.5,308930,10316,opera.exe,35.8,277,91.70593562599437,142254.3,34552.4,65.7,78.15,826,959,0,0,0,0,1
muril,4c:44:5b:f2:74:61,21/04/2026 22:11:11,83.1,21933.3,307441,0,System Idle Process,24.975,277,84.87925590502998,48560.4,73991.7,65.7,76.52,354,499,0,0,0,0,1
muril,4c:44:5b:f2:74:61,21/04/2026 22:11:20,61.3,21943.25,173223,0,System Idle Process,63.975,276,90.46408028393097,43301.8,39915.6,65.7,71.43,556,814,0,0,0,0,1
muril,4c:44:5b:f2:74:61,21/04/2026 22:11:29,44.4,21952.02,126141,0,System Idle Process,69.45,274,88.28256027414025,16453.4,235.1,65.7,8.89,181,268,0,0,0,0,1
muril,4c:44:5b:f2:74:61,21/04/2026 22:11:39,86.0,21961.66,151410,11580,python.exe,23.55,275,87.73476930608248,48687.0,23529.6,65.7,28.26,454,408,0,0,0,0,1
muril,4c:44:5b:f2:74:61,21/04/2026 22:11:48,41.2,21972.91,173218,0,System Idle Process,62.7,275,86.69005017745685,12805.8,18637.9,65.7,12.31,563,369,0,0,0,0,1
muril,4c:44:5b:f2:74:61,21/04/2026 22:11:58,89.7,21985.53,136759,16780,python.exe,23.175,276,88.76377432382817,28977.7,925.2,65.7,104.56,834,774,0,0,0,0,1
muril,4c:44:5b:f2:74:61,21/04/2026 22:12:07,61.4,22005.48,228503,0,System Idle Process,63.525,277,91.85289438257252,38174.6,4387.1,65.7,11.15,281,283,0,0,0,0,1
muril,4c:44:5b:f2:74:61,21/04/2026 22:12:57,45.8,22066.87,20951,0,System Idle Process,26.6,276,77.78925468118956,1677.1,27.0,65.7,2.87,220,101,0,0,0,0,1
muril,4c:44:5b:f2:74:61,21/04/2026 22:13:05,42.3,22075.8,134821,0,System Idle Process,67.05,275,78.50711051278914,15961.0,702.6,65.7,8.53,427,292,0,0,0,0,1
muril,4c:44:5b:f2:74:61,21/04/2026 22:13:13,10.0,22079.97,75316,0,System Idle Process,30.675,275,80.63953004528209,10020.8,635.6,65.7,29.93,394,346,0,0,0,0,1
muril,4c:44:5b:f2:74:61,21/04/2026 22:16:05,43.6,22254.62,18978,0,System Idle Process,47.675,275,86.24080283930975,15813.6,38068.7,65.7,6.18,207,88,0,0,0,0,1
muril,4c:44:5b:f2:74:61,21/04/2026 22:16:13,62.6,22264.81,141030,0,System Idle Process,62.25,275,86.83412067066455,2092.0,152.1,65.7,7.35,523,297,0,0,0,0,1
muril,4c:44:5b:f2:74:61,21/04/2026 22:18:00,29.7,22387.92,166341,0,python.exe,61.25,273,80.01762330192143,13008.8,176.4,65.7,11.0,561,323,0,0,0,0,1
muril,4c:44:5b:f2:74:61,21/04/2026 22:18:08,24.3,22395.05,107516,0,System Idle Process,40.1,273,80.96609962060948,3460.5,462.8,65.7,85.55,519,447,0,0,0,0,1
muril,4c:44:5b:f2:74:61,21/04/2026 22:18:16,59.8,22406.62,155765,0,System Idle Process,43.65,273,82.34424183086524,11034.1,835.1,65.7,71.58,1181,981,0,0,0,0,1
muril,4c:44:5b:f2:74:61,21/04/2026 22:18:25,51.0,22418.2,182210,0,System Idle Process,49.825,273,83.69477420144413,11762.3,322.7,65.7,5.96,564,255,0,0,0,0,1
muril,4c:44:5b:f2:74:61,21/04/2026 22:18:33,44.7,22425.37,160788,0,python.exe,33.525,274,84.44606535307796,3404.1,282.8,65.7,24.21,631,297,0,0,0,0,1
muril,4c:44:5b:f2:74:61,21/04/2026 22:18:42,44.5,22434.91,176917,0,System Idle Process,67.225,274,84.9531758658671,2492.1,439.1,65.7,6.91,463,248,0,0,0,0,1
muril,4c:44:5b:f2:74:61,21/04/2026 22:18:50,26.5,22444.09,127088,0,System Idle Process,41.15,274,84.89149430914209,1545.6,394.1,65.7,16.0,587,386,0,0,0,0,1
muril,4c:44:5b:f2:74:61,21/04/2026 22:18:59,50.8,22456.11,123663,0,python.exe,39.8,274,85.54311589768695,4794.4,120.8,65.7,17.68,604,371,0,0,0,0,1
muril,4c:44:5b:f2:74:61,21/04/2026 22:19:07,20.2,22464.25,124085,0,System Idle Process,58.825,273,85.2543874678742,1016.8,438.8,65.7,10.4,574,295,0,0,0,0,1
muril,4c:44:5b:f2:74:61,21/04/2026 22:19:15,22.9,22468.73,91181,0,System Idle Process,24.4,272,85.93875902582303,16553.5,109.7,65.7,16.03,629,391,0,0,0,0,1
muril,4c:44:5b:f2:74:61,21/04/2026 22:19:26,23.6,22477.67,126533,13648,jetbrains-toolbox.exe,14.05,273,88.6890711051279,39820.8,3093.4,65.7,173.63,955,571,0,0,0,0,1
muril,4c:44:5b:f2:74:61,21/04/2026 22:20:12,25.1,22546.02,155977,0,System Idle Process,60.025,272,86.30977848488557,5022.3,370.6,65.7,7.74,623,284,0,0,0,0,1
muril,4c:44:5b:f2:74:61,21/04/2026 22:20:19,19.6,22552.66,117241,0,System Idle Process,56.8,272,83.97664912495411,15358.7,42888.4,65.7,8.58,540,287,0,0,0,0,1
muril,4c:44:5b:f2:74:61,21/04/2026 22:20:27,10.4,22558.28,67280,0,System Idle Process,68.05,272,83.92705911149186,1706.5,230.7,65.7,5.07,506,224,0,0,0,0,1
muril,4c:44:5b:f2:74:61,21/04/2026 22:20:38,33.8,22564.41,142920,0,System Idle Process,16.6,283,86.75716558560764,156601.4,4944.2,65.7,12.84,683,378,0,0,0,0,1
muril,4c:44:5b:f2:74:61,21/04/2026 22:20:46,42.2,22579.33,251408,0,System Idle Process,26.475,274,82.88253579733203,31107.5,639.4,65.7,20.3,654,434,0,0,0,0,1
muril,4c:44:5b:f2:74:61,21/04/2026 22:20:54,23.3,22586.27,123956,0,System Idle Process,59.975,275,82.76891445355525,7001.1,215.4,65.7,5.3,497,233,0,0,0,0,1
muril,4c:44:5b:f2:74:61,21/04/2026 22:21:02,35.9,22593.7,151792,0,System Idle Process,64.3,277,83.68092032798923,19692.6,272.0,65.7,7.18,406,231,0,0,0,0,1
muril,4c:44:5b:f2:74:61,21/04/2026 22:21:11,100.0,22605.17,126645,19364,System Idle Process,55.925,277,84.91714600416105,17785.7,254.0,65.7,10.52,376,366,0,0,0,0,1
muril,4c:44:5b:f2:74:61,21/04/2026 22:21:27,100.0,22616.06,300391,7244,msedgewebview2.exe,26.925,276,89.31660751438012,537570.9,30869.6,65.7,78.34,1618,1463,0,0,0,0,1
muril,4c:44:5b:f2:74:61,21/04/2026 22:21:36,79.0,22635.08,436257,2884,python.exe,47.325,275,88.28285399583893,43907.9,16647.2,65.7,14.64,576,384,0,0,0,0,1
muril,4c:44:5b:f2:74:61,21/04/2026 22:21:44,26.0,22641.87,148289,0,python.exe,54.2,274,82.81781911638723,12195.7,86964.9,65.7,22.2,282,568,0,0,0,0,1
muril,4c:44:5b:f2:74:61,21/04/2026 22:21:54,100.0,22658.16,99492,0,System Idle Process,32.35,274,85.66970994982255,9634.1,396.3,65.7,11.18,255,343,0,0,0,0,1
muril,4c:44:5b:f2:74:61,21/04/2026 22:22:05,100.0,22675.36,167250,19364,python.exe,61.675,273,86.15547668584017,62466.6,63830.5,65.7,10.94,286,346,0,0,0,0,1
muril,4c:44:5b:f2:74:61,21/04/2026 22:22:14,100.0,22698.16,299685,4,python.exe,31.0,276,90.7879574103537,85794.5,8142.2,65.7,28.01,417,799,0,0,0,0,1
muril,4c:44:5b:f2:74:61,21/04/2026 22:22:22,12.0,22705.02,168564,0,System Idle Process,39.125,275,92.02227389548403,27348.3,409.4,65.7,14.36,348,354,0,0,0,0,1
muril,4c:44:5b:f2:74:61,21/04/2026 22:22:30,30.4,22709.64,97863,0,System Idle Process,69.125,276,84.9944437645331,5917.9,42539.9,65.7,3.62,403,182,0,0,0,0,1
muril,4c:44:5b:f2:74:61,21/04/2026 22:22:39,30.1,22712.87,94564,2884,System Idle Process,35.2,276,79.05563578509363,10167.6,5529.5,65.7,4.74,515,198,0,0,0,0,1
muril,4c:44:5b:f2:74:61,21/04/2026 22:22:52,76.5,22720.34,182450,9944,Code.exe,25.375,276,84.48679476196304,38856.0,2330.7,65.7,64.6,1336,1434,0,0,0,0,1
muril,4c:44:5b:f2:74:61,21/04/2026 22:23:09,100.0,22752.33,354238,14656,Code.exe,17.9,286,94.07220658426141,86993.5,859.4,65.7,65.92,1353,1120,0,0,0,0,1
muril,4c:44:5b:f2:74:61,21/04/2026 22:23:20,100.0,22791.83,416971,17848,python.exe,28.45,280,89.6122384041121,64619.4,81756.1,65.7,26.74,784,641,0,0,0,0,1
muril,4c:44:5b:f2:74:61,21/04/2026 22:23:30,45.9,22810.98,214655,0,Code.exe,36.975,281,92.96007832578633,129274.5,28199.1,65.7,28.81,1633,690,0,0,0,0,1
muril,4c:44:5b:f2:74:61,21/04/2026 22:23:38,51.5,22824.31,247237,0,System Idle Process,67.925,281,85.46146126545099,26821.6,37494.3,65.7,25.68,435,383,0,0,0,0,1
muril,4c:44:5b:f2:74:61,21/04/2026 22:23:47,21.9,22829.27,137395,0,System Idle Process,43.125,281,86.07906009056418,83459.3,66970.8,65.7,11.77,300,380,0,0,0,0,1
muril,4c:44:5b:f2:74:61,21/04/2026 22:23:54,19.4,22833.83,89943,0,System Idle Process,68.575,281,86.302729164117,2376.3,66.5,65.7,4.96,154,233,0,0,0,0,1
muril,4c:44:5b:f2:74:61,21/04/2026 22:24:03,16.2,22836.69,57762,0,System Idle Process,67.85,280,86.45365316362746,5954.7,121.0,65.7,3.15,133,174,0,0,0,0,1
muril,4c:44:5b:f2:74:61,21/04/2026 22:24:13,54.0,22844.09,117315,0,python.exe,29.15,281,89.47213315383674,111582.1,20693.4,65.7,33.31,720,600,0,0,0,0,1
muril,4c:44:5b:f2:74:61,21/04/2026 22:24:22,26.0,22857.83,310975,0,System Idle Process,55.4,281,87.63426753151388,39208.2,24415.6,65.7,49.81,871,782,0,0,0,0,1
muril,4c:44:5b:f2:74:61,21/04/2026 22:24:32,71.2,22863.77,169275,19364,python.exe,24.05,287,91.45989474972464,80096.9,1157.4,65.7,36.44,869,569,0,0,0,0,1
muril,4c:44:5b:f2:74:61,21/04/2026 22:24:42,65.9,22879.44,345242,0,opera.exe,23.775,289,93.63935870762452,107933.8,1022.4,65.7,6.77,490,260,0,0,0,0,1
muril,4c:44:5b:f2:74:61,21/04/2026 22:24:51,25.4,22888.06,222965,0,python.exe,35.5,290,89.62467262269,81737.5,35381.3,65.7,10.34,567,306,0,0,0,0,1
muril,4c:44:5b:f2:74:61,21/04/2026 22:25:00,56.3,22898.0,184213,0,System Idle Process,21.825,289,88.27820340227635,52836.3,34339.9,65.7,7.24,630,273,0,0,0,0,1
muril,4c:44:5b:f2:74:61,21/04/2026 22:25:09,67.9,22909.31,203858,0,System Idle Process,29.825,290,89.6668216864521,37631.0,27307.0,65.7,66.75,669,493,0,0,0,0,1
muril,4c:44:5b:f2:74:61,21/04/2026 22:25:18,47.9,22917.83,146871,0,System Idle Process,51.175,290,89.7343776771509,33295.7,32476.5,65.7,19.14,721,406,0,0,0,0,1
muril,4c:44:5b:f2:74:61,21/04/2026 22:25:27,37.4,22922.45,84975,0,System Idle Process,63.35,289,89.2785705543997,7680.7,334.2,65.7,53.54,802,523,0,0,0,0,1
muril,4c:44:5b:f2:74:61,21/04/2026 22:25:36,55.8,22936.23,170621,0,System Idle Process,33.725,287,92.27942724268755,10066.7,2020.7,65.7,37.26,639,381,0,0,0,0,1
muril,4c:44:5b:f2:74:61,21/04/2026 22:25:47,35.5,22950.14,144953,13648,Code.exe,20.6,287,91.33628686819239,36556.6,852.8,65.7,72.21,1497,1193,0,0,0,0,1
muril,4c:44:5b:f2:74:61,21/04/2026 22:25:57,32.7,22973.7,257743,13648,python.exe,34.2,287,91.93915065475463,65582.6,404.3,65.7,9.19,717,302,0,0,0,0,1
muril,4c:44:5b:f2:74:61,21/04/2026 22:26:07,90.2,22992.58,168462,0,System Idle Process,25.625,287,93.99074776649124,87381.1,224.8,65.7,20.57,722,339,0,0,0,0,1
muril,4c:44:5b:f2:74:61,21/04/2026 22:26:17,32.0,23002.64,185919,0,python.exe,38.3,286,90.83230938685595,66326.8,44647.8,65.7,15.39,725,388,0,0,0,0,1
muril,4c:44:5b:f2:74:61,21/04/2026 22:26:26,25.3,23013.98,180648,0,opera.exe,23.925,285,92.39711173662954,13203.5,711.5,65.7,23.31,783,565,0,0,0,0,1
muril,4c:44:5b:f2:74:61,21/04/2026 22:26:36,39.8,23022.81,180476,4,MemCompression,21.725,285,89.90659649981643,79844.7,1257.6,65.7,15.5,472,507,0,0,0,0,1
muril,4c:44:5b:f2:74:61,21/04/2026 22:26:44,32.3,23030.81,149782,0,System Idle Process,69.125,285,89.80961938563212,70585.2,53887.9,65.7,11.54,603,328,0,0,0,0,1
muril,4c:44:5b:f2:74:61,21/04/2026 22:26:53,63.6,23034.95,140310,0,MemCompression,30.5,285,87.07247582915187,121861.7,46373.4,65.7,7.56,351,285,0,0,0,0,1
muril,4c:44:5b:f2:74:61,21/04/2026 22:27:02,28.0,23043.0,139013,0,System Idle Process,24.0,284,87.31215273528332,14067.4,34217.4,65.7,27.14,299,572,0,0,0,0,1
muril,4c:44:5b:f2:74:61,21/04/2026 22:27:11,16.4,23048.72,115273,0,System Idle Process,63.175,284,87.22100110145638,6617.0,195.6,65.7,9.46,314,322,0,0,0,0,1
muril,4c:44:5b:f2:74:61,21/04/2026 22:27:28,100.0,23058.89,237467,2884,python.exe,46.675,285,87.95486476563457,389703.4,22222.7,65.7,73.81,1319,1367,0,0,0,0,1
muril,4c:44:5b:f2:74:61,21/04/2026 22:27:39,99.7,23080.94,511435,11580,python.exe,33.15,285,87.1475217231673,98079.5,71494.0,65.7,9.02,430,362,0,0,0,0,1
muril,4c:44:5b:f2:74:61,21/04/2026 22:27:47,26.8,23089.25,163712,0,System Idle Process,69.125,285,77.3171949577775,8196.9,73008.1,65.7,6.89,240,256,0,0,0,0,1
muril,4c:44:5b:f2:74:61,21/04/2026 22:27:57,49.1,23095.8,142066,0,System Idle Process,16.375,285,86.65137682046262,34871.3,11764.3,65.7,14.75,385,485,0,0,0,0,1
muril,4c:44:5b:f2:74:61,21/04/2026 22:28:06,58.9,23111.59,193466,0,System Idle Process,47.925,284,85.59143311712153,33785.9,72043.3,65.7,18.16,568,499,0,0,0,0,1
muril,4c:44:5b:f2:74:61,21/04/2026 22:28:14,14.0,23116.44,172036,0,System Idle Process,53.725,283,84.91836984457227,45233.7,73427.7,65.7,16.47,588,455,0,0,0,0,1
muril,4c:44:5b:f2:74:61,21/04/2026 22:28:22,11.7,23122.66,121688,0,System Idle Process,41.475,283,86.39931464936971,22133.4,14052.4,65.7,18.51,592,461,0,0,0,0,1
muril,4c:44:5b:f2:74:61,21/04/2026 22:28:31,61.7,23131.28,151381,19364,System Idle Process,42.4,284,87.40266797209644,86834.5,27931.0,65.7,14.25,554,400,0,0,0,0,1
muril,4c:44:5b:f2:74:61,21/04/2026 22:28:39,21.8,23134.72,115276,0,System Idle Process,66.425,284,86.48253579733203,21163.2,28145.1,65.7,23.23,524,310,0,0,0,0,1
muril,4c:44:5b:f2:74:61,21/04/2026 22:28:52,47.5,23142.25,191224,13648,Code.exe,15.95,284,93.20886060457715,248792.2,886.7,65.7,62.11,795,1052,0,0,0,0,1
muril,4c:44:5b:f2:74:61,21/04/2026 22:29:01,13.2,23156.17,332739,0,System Idle Process,19.925,283,89.59265695753274,68003.4,48247.8,65.7,9.8,165,257,0,0,0,0,1
muril,4c:44:5b:f2:74:61,21/04/2026 22:29:10,31.5,23165.36,206634,0,System Idle Process,44.175,283,90.78315995594176,16110.9,161.7,65.7,7.4,229,223,0,0,0,0,1
muril,4c:44:5b:f2:74:61,21/04/2026 22:29:20,64.5,23171.12,150303,0,MemCompression,31.775,283,87.61179782156407,81382.5,12401.5,65.7,7.32,256,284,0,0,0,0,1
muril,4c:44:5b:f2:74:61,21/04/2026 22:29:30,20.2,23180.33,210523,0,System Idle Process,32.175,289,87.65497491127157,58222.9,60743.4,65.7,11.18,252,368,0,0,0,0,1
muril,4c:44:5b:f2:74:61,21/04/2026 22:29:38,60.5,23195.52,275438,0,System Idle Process,58.225,287,90.68750458940154,66835.2,323.2,65.7,9.14,341,305,0,0,0,0,1
muril,4c:44:5b:f2:74:61,21/04/2026 22:29:46,55.7,23205.12,129408,0,System Idle Process,62.475,287,91.69031942234732,15212.4,281.5,65.7,14.49,527,372,0,0,0,0,1
muril,4c:44:5b:f2:74:61,21/04/2026 22:29:56,23.1,23211.02,93257,19364,System Idle Process,50.325,289,92.10642516215886,29236.6,203.7,65.7,8.08,244,275,0,0,0,0,1
muril,4c:44:5b:f2:74:61,21/04/2026 22:30:07,72.5,23227.62,209804,13648,Code.exe,38.975,288,93.13513645820585,53116.9,2991.4,65.7,11.58,244,372,0,0,0,0,1
muril,4c:44:5b:f2:74:61,21/04/2026 22:30:17,79.1,23247.39,197004,14656,python.exe,48.6,287,92.69856810671888,36089.1,2142.9,65.7,58.4,788,946,0,0,0,0,1
muril,4c:44:5b:f2:74:61,21/04/2026 22:30:25,44.4,23264.55,171681,0,System Idle Process,66.325,287,93.14634683637254,9055.9,381.6,65.7,10.72,335,272,0,0,0,0,1
muril,4c:44:5b:f2:74:61,21/04/2026 22:30:35,20.8,23272.27,113094,13648,Code.exe,18.0,285,93.73888140986415,14614.4,231.3,65.7,7.78,504,250,0,0,0,0,1
muril,4c:44:5b:f2:74:61,21/04/2026 22:30:44,37.2,23293.25,205853,0,python.exe,54.6,285,89.09920450373271,56348.3,71817.6,65.7,13.47,480,298,0,0,0,0,1
muril,4c:44:5b:f2:74:61,21/04/2026 22:30:54,50.6,23301.55,146524,0,Discord.exe,34.175,286,90.2645942969037,22118.5,13799.0,65.7,14.91,990,385,0,0,0,0,1
muril,4c:44:5b:f2:74:61,21/04/2026 22:31:02,46.7,23315.02,128721,0,System Idle Process,71.325,286,90.60614367886429,4060.9,205.4,65.7,15.73,677,305,0,0,0,0,1
muril,4c:44:5b:f2:74:61,21/04/2026 22:31:11,50.9,23321.84,89140,0,System Idle Process,29.875,286,91.88197283074288,25092.0,179.5,65.7,8.38,617,314,0,0,0,0,1
muril,4c:44:5b:f2:74:61,21/04/2026 22:31:19,15.1,23329.2,141435,0,System Idle Process,46.95,286,92.00102802594542,14437.7,1593.1,65.7,17.98,447,448,0,0,0,0,1
muril,4c:44:5b:f2:74:61,21/04/2026 22:31:28,24.7,23333.05,75193,0,System Idle Process,38.325,284,92.02893158732101,4026.4,115.2,65.7,5.7,263,246,0,0,0,0,1
muril,4c:44:5b:f2:74:61,21/04/2026 22:31:36,38.2,23339.19,115207,0,System Idle Process,69.15,284,92.29900868926691,3646.2,548.3,65.7,6.06,221,240,0,0,0,0,1
muril,4c:44:5b:f2:74:61,21/04/2026 22:31:45,33.5,23343.0,110733,0,System Idle Process,51.775,284,93.35048341696243,34833.6,1392.4,65.7,52.24,611,843,0,0,0,0,1
muril,4c:44:5b:f2:74:61,21/04/2026 22:31:55,87.6,23354.17,187409,13648,Code.exe,23.125,284,93.08784726471669,12270.1,537.5,65.7,8.82,219,315,0,0,0,0,1
muril,4c:44:5b:f2:74:61,21/04/2026 22:32:06,93.3,23373.72,162456,19364,System Idle Process,42.5,290,93.78617060335333,9896.5,387.7,65.7,6.87,276,234,0,0,0,0,1
muril,4c:44:5b:f2:74:61,21/04/2026 22:32:16,95.8,23389.67,143546,13648,Code.exe,23.725,282,93.44006853506302,35463.4,561.4,65.7,13.58,660,381,0,0,0,0,1
muril,4c:44:5b:f2:74:61,21/04/2026 22:32:25,37.4,23405.47,149750,0,System Idle Process,22.65,282,93.97904785216008,7941.9,194.0,65.7,11.62,570,325,0,0,0,0,1
muril,4c:44:5b:f2:74:61,21/04/2026 22:32:35,94.7,23420.27,143942,0,Code.exe,28.725,283,88.22518663566271,6332.7,56606.9,65.7,12.6,549,387,0,0,0,0,1
muril,4c:44:5b:f2:74:61,21/04/2026 22:32:44,84.8,23441.69,179644,2884,System Idle Process,24.075,283,83.6185044670175,10608.4,575.8,65.7,11.65,455,327,0,0,0,0,1
muril,4c:44:5b:f2:74:61,21/04/2026 22:32:54,62.5,23447.83,182974,19364,System Idle Process,26.05,283,87.14659160445478,44198.3,297.9,65.7,13.25,630,348,0,0,0,0,1
muril,4c:44:5b:f2:74:61,21/04/2026 22:33:03,54.9,23463.47,276489,0,System Idle Process,63.425,284,87.40805286990576,96728.5,37463.6,65.7,10.42,334,259,0,0,0,0,1
muril,4c:44:5b:f2:74:61,21/04/2026 22:33:12,45.2,23468.12,105043,0,System Idle Process,66.2,284,82.80876269734426,15574.5,66293.4,65.7,4.33,536,227,0,0,0,0,1
muril,4c:44:5b:f2:74:61,21/04/2026 22:33:32,93.7,23478.11,298531,7244,msedgewebview2.exe,24.5,283,88.84807245135235,484801.6,57485.5,65.7,56.52,1108,1169,0,0,0,0,1
muril,4c:44:5b:f2:74:61,21/04/2026 22:33:41,67.0,23501.2,594464,0,System Idle Process,34.55,285,81.6832211479623,33621.9,81975.2,65.7,20.32,144,275,0,0,0,0,1
muril,4c:44:5b:f2:74:61,21/04/2026 22:33:56,100.0,23515.12,187127,19364,python.exe,21.75,287,87.39703830620486,119021.0,53908.2,65.7,374.32,761,1807,0,0,0,0,1
muril,4c:44:5b:f2:74:61,21/04/2026 22:34:06,66.0,23545.47,379314,0,System Idle Process,64.6,289,88.14534328723535,31892.6,27828.2,65.7,4.81,223,279,0,0,0,0,1
muril,4c:44:5b:f2:74:61,21/04/2026 22:34:15,24.3,23554.64,238686,0,System Idle Process,46.65,285,91.59064985925835,95367.2,21244.5,65.7,7.79,467,296,0,0,0,0,1
muril,4c:44:5b:f2:74:61,21/04/2026 22:34:25,28.9,23560.42,167172,0,System Idle Process,25.55,288,89.1338636641782,41364.3,70792.9,65.7,4.76,517,227,0,0,0,0,1
muril,4c:44:5b:f2:74:61,21/04/2026 22:34:34,45.0,23568.22,239118,0,System Idle Process,32.65,285,91.2292253090197,25673.3,413.5,65.7,5.22,613,286,0,0,0,0,1
muril,4c:44:5b:f2:74:61,21/04/2026 22:34:47,24.0,23578.61,151286,0,opera.exe,23.875,285,93.27612287357728,60670.7,762.2,65.7,74.29,1953,1303,0,0,0,0,1
muril,4c:44:5b:f2:74:61,21/04/2026 22:34:57,40.3,23602.72,296965,0,python.exe,26.125,287,92.0520866479011,54463.7,41664.2,65.7,18.29,423,465,0,0,0,0,1
muril,4c:44:5b:f2:74:61,21/04/2026 22:35:07,75.3,23617.55,228625,0,python.exe,30.9,284,93.97170480969281,63423.1,1631.5,65.7,22.64,315,286,0,0,0,0,1
muril,4c:44:5b:f2:74:61,21/04/2026 22:35:16,23.2,23628.52,178319,0,System Idle Process,37.275,285,94.41047607391995,27459.9,2146.7,65.7,36.9,609,732,0,0,0,0,1
muril,4c:44:5b:f2:74:61,21/04/2026 22:35:25,17.0,23634.81,227162,0,System Idle Process,60.15,284,87.019214294456,24284.9,49613.7,65.7,8.61,372,252,0,0,0,0,1
muril,4c:44:5b:f2:74:61,21/04/2026 22:35:35,16.6,23640.14,107115,19364,System Idle Process,56.675,283,90.49643862440337,42568.3,465.4,65.7,12.0,561,375,0,0,0,0,1
muril,4c:44:5b:f2:74:61,21/04/2026 22:35:43,71.5,23651.8,243791,0,System Idle Process,69.2,282,87.69776037204748,65138.2,36371.2,65.7,6.9,329,245,0,0,0,0,1
muril,4c:44:5b:f2:74:61,21/04/2026 22:35:51,25.1,23656.86,104149,0,System Idle Process,62.075,281,90.80391628931588,32840.1,196.1,65.7,9.02,674,305,0,0,0,0,1
muril,4c:44:5b:f2:74:61,21/04/2026 22:35:59,30.1,23665.36,204704,0,System Idle Process,55.85,282,91.26412923754742,105039.0,41855.3,65.7,13.25,791,391,0,0,0,0,1
muril,4c:44:5b:f2:74:61,21/04/2026 22:36:17,100.0,23680.36,182600,2884,Code.exe,21.8,280,94.12037694284665,140785.6,3307.2,65.7,68.78,1618,1127,0,0,0,0,1
muril,4c:44:5b:f2:74:61,21/04/2026 22:36:28,66.3,23712.06,431073,13648,Code.exe,33.25,279,92.50632725492596,123791.4,55414.5,65.7,16.08,524,436,0,0,0,0,1
muril,4c:44:5b:f2:74:61,21/04/2026 22:36:37,89.4,23738.16,248597,19364,System Idle Process,68.025,279,85.7866601395178,36138.0,59277.8,65.7,19.97,291,358,0,0,0,0,1
muril,4c:44:5b:f2:74:61,21/04/2026 22:36:46,73.4,23752.14,156222,0,System Idle Process,20.475,279,87.12794027658794,43382.4,48819.1,65.7,11.47,341,319,0,0,0,0,1
muril,4c:44:5b:f2:74:61,21/04/2026 22:36:55,64.9,23768.41,158861,0,System Idle Process,22.95,279,86.93966466772733,11381.7,23380.2,65.7,10.5,399,297,0,0,0,0,1
muril,4c:44:5b:f2:74:61,21/04/2026 22:37:04,77.6,23781.0,120083,0,Code.exe,24.25,278,87.93523436543875,5898.5,1107.0,65.7,10.69,646,294,0,0,0,0,1
muril,4c:44:5b:f2:74:61,21/04/2026 22:37:14,64.0,23799.48,160439,0,System Idle Process,22.225,278,91.18129971851671,67032.3,26218.4,65.7,12.46,686,345,0,0,0,0,1
muril,4c:44:5b:f2:74:61,21/04/2026 22:37:23,59.5,23811.16,219557,13012,System Idle Process,30.85,278,89.07879084567372,106933.3,2324.5,65.7,16.55,927,391,0,0,0,0,1
muril,4c:44:5b:f2:74:61,21/04/2026 22:37:33,89.8,23827.88,177142,19364,python.exe,37.55,281,88.23732713254192,26861.6,76846.3,65.7,10.3,419,326,0,0,0,0,1
muril,4c:44:5b:f2:74:61,21/04/2026 22:37:44,94.0,23851.91,174844,13648,Code.exe,18.6,279,91.84981030473625,30943.6,635.4,65.7,61.42,800,939,0,0,0,0,1
muril,4c:44:5b:f2:74:61,21/04/2026 22:37:54,96.6,23872.2,276961,2884,python.exe,23.675,279,88.19914331171216,105090.0,1457.3,65.7,18.06,290,359,0,0,0,0,1
muril,4c:44:5b:f2:74:61,21/04/2026 22:38:04,88.3,23885.67,206749,19364,System Idle Process,55.7,279,84.37841145514625,20093.2,80369.3,65.7,8.68,474,312,0,0,0,0,1
muril,4c:44:5b:f2:74:61,21/04/2026 22:38:13,77.4,23905.69,164764,0,System Idle Process,21.25,279,85.42347325908702,18080.6,3899.1,65.7,8.73,261,287,0,0,0,0,1
muril,4c:44:5b:f2:74:61,21/04/2026 22:38:21,11.5,23914.27,108667,0,System Idle Process,35.825,278,85.62237180271693,6858.4,275.9,65.7,9.92,499,254,0,0,0,0,1
muril,4c:44:5b:f2:74:61,21/04/2026 22:38:30,40.2,23919.66,106110,0,System Idle Process,27.525,279,86.45463223595642,8317.5,956.2,65.7,15.62,1556,417,0,0,0,0,1
muril,4c:44:5b:f2:74:61,21/04/2026 22:38:38,35.5,23925.38,84119,0,python.exe,65.875,279,86.6302288581569,2035.2,71.4,65.7,18.29,723,258,0,0,0,0,1
muril,4c:44:5b:f2:74:61,21/04/2026 22:38:46,35.4,23934.09,160737,0,System Idle Process,56.85,279,86.9098029616938,6096.2,322.3,65.7,4.6,594,206,0,0,0,0,1
muril,4c:44:5b:f2:74:61,21/04/2026 22:38:56,34.0,23945.08,130565,13648,python.exe,23.65,279,83.32727940276587,7496.5,63247.7,65.7,6.79,465,291,0,0,0,0,1
muril,4c:44:5b:f2:74:61,21/04/2026 22:39:05,24.9,23959.94,134160,0,System Idle Process,42.125,280,83.26222004650593,3720.0,269.6,65.7,8.46,562,286,0,0,0,0,1
muril,4c:44:5b:f2:74:61,21/04/2026 22:39:16,33.5,23972.36,115977,0,System Idle Process,40.65,278,89.76022518663567,137102.5,5918.2,65.7,48.74,1014,808,0,0,0,0,1
muril,4c:44:5b:f2:74:61,21/04/2026 22:39:33,100.0,23984.77,420250,7244,msedgewebview2.exe,16.925,282,91.83262758536287,409324.8,46858.5,65.7,42.15,541,600,0,0,0,0,1
muril,4c:44:5b:f2:74:61,21/04/2026 22:39:41,51.9,24006.39,522139,0,System Idle Process,49.575,281,84.84645698200954,41626.1,76744.1,65.7,7.29,512,264,0,0,0,0,1
muril,4c:44:5b:f2:74:61,21/04/2026 22:39:50,60.7,24013.8,155760,18576,System Idle Process,33.925,281,83.38269489658549,13330.5,55196.5,65.7,4.11,562,198,0,0,0,0,1
muril,4c:44:5b:f2:74:61,21/04/2026 22:39:58,12.1,24021.81,144291,0,System Idle Process,66.95,281,84.34668951168767,9728.6,400.3,65.7,6.27,614,282,0,0,0,0,1
muril,4c:44:5b:f2:74:61,21/04/2026 22:40:07,34.9,24027.14,123377,0,System Idle Process,51.575,281,85.64312813609105,26796.0,76.9,65.7,3.26,481,185,0,0,0,0,1
muril,4c:44:5b:f2:74:61,21/04/2026 22:40:16,53.1,24031.28,139866,0,System Idle Process,22.5,281,88.3967690613144,71717.3,34348.1,65.7,14.18,671,338,0,0,0,0,1
muril,4c:44:5b:f2:74:61,21/04/2026 22:40:24,42.2,24040.58,202525,0,System Idle Process,54.275,281,88.28721086770285,49079.0,64745.3,65.7,10.3,611,263,0,0,0,0,1
muril,4c:44:5b:f2:74:61,21/04/2026 22:40:33,25.3,24046.62,121891,0,System Idle Process,52.6,282,88.93432872353445,11724.4,289.5,65.7,7.6,532,205,0,0,0,0,1
muril,4c:44:5b:f2:74:61,21/04/2026 22:40:42,48.5,24052.95,197277,0,System Idle Process,49.175,282,93.03879574103537,95435.9,3265.3,65.7,83.76,803,608,0,0,0,0,1
muril,4c:44:5b:f2:74:61,21/04/2026 22:40:50,30.9,24062.3,229589,0,System Idle Process,63.625,282,87.33021661975279,43161.7,47054.3,65.7,80.35,1075,964,0,0,0,0,1
muril,4c:44:5b:f2:74:61,21/04/2026 22:40:59,69.9,24071.52,175094,0,System Idle Process,33.45,284,88.6655244156162,21747.7,568.7,65.7,9.58,614,263,0,0,0,0,1
muril,4c:44:5b:f2:74:61,21/04/2026 22:41:08,14.3,24077.56,127327,0,System Idle Process,53.525,285,88.49800514012973,23915.1,25302.4,65.7,4.64,494,181,0,0,0,0,1
muril,4c:44:5b:f2:74:61,21/04/2026 22:41:16,35.0,24088.34,208451,0,System Idle Process,40.225,283,90.17285521967935,42933.3,359.9,65.7,22.01,648,419,0,0,0,0,1
muril,4c:44:5b:f2:74:61,21/04/2026 22:41:26,19.1,24094.33,142224,0,python.exe,34.625,282,92.72568841023131,45699.7,235.9,65.7,6.4,599,281,0,0,0,0,1
muril,4c:44:5b:f2:74:61,21/04/2026 22:41:34,17.2,24105.28,206775,0,System Idle Process,48.975,282,89.9955452209032,9189.2,36554.7,65.7,8.69,549,271,0,0,0,0,1
muril,4c:44:5b:f2:74:61,21/04/2026 22:41:43,53.4,24115.17,154050,14656,python.exe,28.25,283,90.79823766980786,18441.2,580.8,65.7,9.86,759,349,0,0,0,0,1
muril,4c:44:5b:f2:74:61,21/04/2026 22:41:51,55.3,24124.33,178348,0,System Idle Process,70.05,283,90.72896830253335,6427.8,428.3,65.7,6.38,710,259,0,0,0,0,1
muril,4c:44:5b:f2:74:61,21/04/2026 22:42:01,33.2,24134.52,177701,0,Code.exe,21.725,282,93.14414392363236,38299.2,232.3,65.7,6.75,677,262,0,0,0,0,1
muril,4c:44:5b:f2:74:61,21/04/2026 22:42:11,64.8,24146.67,239577,14656,python.exe,57.225,282,90.36162036470444,35854.4,36368.3,65.7,23.85,790,460,0,0,0,0,1
muril,4c:44:5b:f2:74:61,21/04/2026 22:42:19,56.1,24164.86,244659,0,System Idle Process,46.525,282,92.02785460775915,33975.3,539.6,65.7,60.2,1101,968,0,0,0,0,1
muril,4c:44:5b:f2:74:61,21/04/2026 22:42:28,54.1,24174.25,177190,0,System Idle Process,36.225,282,92.09756455758169,4167.5,349.2,65.7,7.06,543,264,0,0,0,0,1
muril,4c:44:5b:f2:74:61,21/04/2026 22:42:38,52.5,24187.61,189272,0,python.exe,34.875,283,94.11685228246238,52419.8,342.0,65.7,12.22,460,335,0,0,0,0,1
muril,4c:44:5b:f2:74:61,21/04/2026 22:42:48,83.2,24206.05,265711,19364,Code.exe,18.6,287,88.40014686084935,78782.2,55807.0,65.7,15.65,374,396,0,0,0,0,1
muril,4c:44:5b:f2:74:61,21/04/2026 22:42:56,65.7,24218.48,211040,0,System Idle Process,65.6,282,79.99358707624525,20214.3,24501.5,65.7,8.47,459,273,0,0,0,0,1
muril,4c:44:5b:f2:74:61,21/04/2026 22:43:05,17.8,24227.42,149651,0,System Idle Process,35.175,281,80.43519765022641,15612.1,247.1,65.7,6.96,671,244,0,0,0,0,1
muril,4c:44:5b:f2:74:61,21/04/2026 22:43:13,71.6,24236.17,140415,0,System Idle Process,59.375,281,80.47685717782402,2931.2,270.8,65.7,3.74,472,203,0,0,0,0,1
muril,4c:44:5b:f2:74:61,21/04/2026 22:43:21,62.4,24245.59,166615,0,System Idle Process,61.075,281,80.79970627830131,7255.7,153.9,65.7,7.72,462,277,0,0,0,0,1
muril,4c:44:5b:f2:74:61,21/04/2026 22:43:31,88.8,24253.89,129007,11580,python.exe,35.025,286,82.87969648757803,28560.9,167.7,65.7,10.5,651,324,0,0,0,0,1
muril,4c:44:5b:f2:74:61,21/04/2026 22:43:40,57.8,24267.78,221631,0,System Idle Process,55.675,284,83.75924611430669,46447.8,5996.1,65.7,28.56,590,318,0,0,0,0,1
muril,4c:44:5b:f2:74:61,21/04/2026 22:43:48,61.1,24276.77,143549,0,System Idle Process,64.475,284,84.75794884347081,5844.5,603.7,65.7,55.25,1078,894,0,0,0,0,1
muril,4c:44:5b:f2:74:61,21/04/2026 22:43:57,43.6,24283.75,149160,0,System Idle Process,38.925,284,85.77158242565169,21045.6,4611.4,65.7,8.13,568,278,0,0,0,0,1
muril,4c:44:5b:f2:74:61,21/04/2026 22:44:05,13.6,24290.69,127592,0,System Idle Process,59.475,283,85.54120670664545,2081.3,264.2,65.7,3.02,512,180,0,0,0,0,1
muril,4c:44:5b:f2:74:61,21/04/2026 22:44:13,35.2,24299.11,131327,0,System Idle Process,32.45,283,85.78553420633949,1572.5,636.2,65.7,3.62,508,204,0,0,0,0,1
muril,4c:44:5b:f2:74:61,21/04/2026 22:44:22,22.4,24305.64,139946,0,System Idle Process,60.475,283,85.95212336311346,3523.7,500.1,65.7,9.23,663,289,0,0,0,0,1
muril,4c:44:5b:f2:74:61,21/04/2026 22:44:31,37.5,24312.5,106875,0,System Idle Process,29.15,284,86.6612654509852,5729.3,108.8,65.7,5.43,554,265,0,0,0,0,1
muril,4c:44:5b:f2:74:61,21/04/2026 22:44:40,99.6,24333.67,135926,13648,python.exe,25.075,284,83.48021050055074,8188.8,56173.9,65.7,9.21,348,335,0,0,0,0,1
muril,4c:44:5b:f2:74:61,21/04/2026 22:44:49,11.6,24349.45,136148,0,System Idle Process,45.0,284,83.00961938563212,3698.0,10770.0,65.7,8.09,537,302,0,0,0,0,1
muril,4c:44:5b:f2:74:61,21/04/2026 22:44:57,28.3,24355.28,85552,0,System Idle Process,32.35,284,83.09259576551217,1727.2,129.3,65.7,4.37,520,234,0,0,0,0,1
muril,4c:44:5b:f2:74:61,21/04/2026 22:45:06,31.8,24365.88,123105,0,System Idle Process,25.15,282,83.1751315628442,4686.5,206.8,65.7,6.13,534,257,0,0,0,0,1
muril,4c:44:5b:f2:74:61,21/04/2026 22:45:21,76.3,24376.48,115969,7244,msedgewebview2.exe,26.925,284,92.5994859870273,187795.1,5440.8,65.7,47.44,950,844,0,0,0,0,1
muril,4c:44:5b:f2:74:61,21/04/2026 22:45:36,100.0,24399.97,442433,7244,Code.exe,21.675,282,89.9844327499694,121821.1,28099.6,65.7,16.39,474,497,0,0,0,0,1
muril,4c:44:5b:f2:74:61,21/04/2026 22:45:44,26.0,24419.91,314051,0,System Idle Process,60.025,282,82.73293354546567,7530.8,66565.5,65.7,11.51,289,289,0,0,0,0,1
muril,4c:44:5b:f2:74:61,21/04/2026 22:45:53,67.0,24438.53,130398,0,python.exe,65.125,283,83.8251866356627,14085.9,363.0,65.7,15.93,493,378,0,0,0,0,1
muril,4c:44:5b:f2:74:61,21/04/2026 22:46:05,100.0,24456.69,141566,13648,Code.exe,22.25,283,85.60416105739812,9663.4,389.9,65.7,24.39,822,514,0,0,0,0,1
muril,4c:44:5b:f2:74:61,21/04/2026 22:46:15,92.5,24478.56,234538,19364,System Idle Process,46.35,281,85.69790723289682,62533.9,73083.1,65.7,12.47,626,407,0,0,0,0,1
muril,4c:44:5b:f2:74:61,21/04/2026 22:46:30,100.0,24493.52,230754,13648,Code.exe,15.725,283,93.8563211357239,192616.1,27533.9,65.7,8.11,352,401,0,0,0,0,1
muril,4c:44:5b:f2:74:61,21/04/2026 22:46:39,72.0,24518.22,389502,0,System Idle Process,55.725,283,86.28349039285277,59886.5,34590.8,65.7,11.4,285,240,0,0,0,0,1
muril,4c:44:5b:f2:74:61,21/04/2026 22:46:48,95.3,24529.25,216304,19364,System Idle Process,25.55,284,87.84780320646188,35137.7,38629.2,65.7,54.36,868,904,0,0,0,0,1
muril,4c:44:5b:f2:74:61,21/04/2026 22:46:56,21.9,24537.72,152154,0,System Idle Process,40.5,285,86.70160323093869,12101.2,35279.3,65.7,9.92,568,294,0,0,0,0,1
muril,4c:44:5b:f2:74:61,21/04/2026 22:47:05,38.1,24545.62,156016,0,System Idle Process,43.375,283,86.84072940888508,7298.5,746.6,65.7,13.65,457,295,0,0,0,0,1
muril,4c:44:5b:f2:74:61,21/04/2026 22:47:14,52.9,24554.95,143961,0,System Idle Process,67.75,283,89.81206706645453,39987.5,702.6,65.7,7.31,606,253,0,0,0,0,1
muril,4c:44:5b:f2:74:61,21/04/2026 22:47:29,42.5,24563.59,255537,10896,opera.exe,24.0,284,92.27991677885203,226558.0,14675.1,65.7,1059.04,1354,4418,0,0,0,0,1
muril,4c:44:5b:f2:74:61,21/04/2026 22:47:38,36.7,24592.5,353000,0,System Idle Process,32.425,284,86.3860482193122,41399.4,82240.0,65.7,180.46,674,1418,0,0,0,0,1
muril,4c:44:5b:f2:74:61,21/04/2026 22:47:47,30.9,24599.41,146271,0,System Idle Process,46.1,284,85.11002325296782,18101.9,27953.2,65.7,7.22,474,324,0,0,0,0,1
muril,4c:44:5b:f2:74:61,21/04/2026 22:47:57,57.5,24608.42,188624,2884,Code.exe,22.675,284,79.61292375474238,25997.4,614.8,65.7,11.61,433,430,0,0,0,0,1
muril,4c:44:5b:f2:74:61,21/04/2026 22:48:07,58.5,24621.03,236946,13648,Code.exe,21.1,282,82.18778607269613,72221.5,276.7,65.7,7.88,238,273,0,0,0,0,1
muril,4c:44:5b:f2:74:61,21/04/2026 22:48:26,66.7,24651.73,205702,10772,System Idle Process,67.6,282,85.96979561865132,33894.8,71879.9,65.7,9.41,400,277,0,0,0,0,1
muril,4c:44:5b:f2:74:61,21/04/2026 22:48:35,53.9,24661.88,138927,0,System Idle Process,55.125,283,82.07607391996083,4596.7,72446.6,65.7,24.89,502,277,0,0,0,0,1
muril,4c:44:5b:f2:74:61,21/04/2026 22:48:43,22.3,24666.09,82227,0,python.exe,67.175,283,81.99471300942356,2906.6,164.2,65.7,4.26,498,237,0,0,0,0,1
muril,4c:44:5b:f2:74:61,21/04/2026 22:48:51,33.6,24672.69,120622,0,System Idle Process,68.425,283,85.63945661485742,21620.0,306.4,65.7,5.03,324,250,0,0,0,0,1
muril,4c:44:5b:f2:74:61,21/04/2026 22:49:01,31.7,24679.92,127818,19364,System Idle Process,35.0,284,89.71474727695508,108433.4,11692.7,65.7,5.06,518,289,0,0,0,0,1
muril,4c:44:5b:f2:74:61,21/04/2026 22:49:11,27.1,24685.5,176774,10772,opera.exe,21.2,284,86.24452331415984,61283.6,92311.2,65.7,9.01,567,276,0,0,0,0,1
muril,4c:44:5b:f2:74:61,21/04/2026 22:49:20,39.9,24697.83,184272,0,System Idle Process,32.625,284,88.43353322726716,35073.2,216.4,65.7,29.94,780,504,0,0,0,0,1
muril,4c:44:5b:f2:74:61,21/04/2026 22:49:32,76.5,24712.55,188744,10896,opera.exe,25.975,284,89.90057520499327,45777.5,41874.2,65.7,293.14,928,1784,0,0,0,0,1
muril,4c:44:5b:f2:74:61,21/04/2026 22:49:41,49.8,24733.36,208874,0,System Idle Process,59.65,284,90.75809570432016,21575.4,2303.3,65.7,35.21,1278,760,0,0,0,0,1
muril,4c:44:5b:f2:74:61,21/04/2026 22:49:49,20.2,24741.98,183576,0,System Idle Process,33.4,282,91.64503732713254,19221.2,769.4,65.7,52.14,1194,841,0,0,0,0,1
muril,4c:44:5b:f2:74:61,21/04/2026 22:49:57,51.5,24750.08,136531,0,System Idle Process,66.625,282,89.832970260678,7939.9,197.0,65.7,4.21,569,235,0,0,0,0,1
muril,4c:44:5b:f2:74:61,21/04/2026 22:50:05,14.8,24757.95,99661,0,System Idle Process,48.75,277,86.32847876636886,9608.0,15391.8,65.7,5.03,583,255,0,0,0,0,1
muril,4c:44:5b:f2:74:61,21/04/2026 22:50:15,88.6,24766.03,86378,0,System Idle Process,28.425,277,87.61218945049566,13405.2,205.4,65.7,10.95,520,326,0,0,0,0,1
muril,4c:44:5b:f2:74:61,21/04/2026 22:50:23,49.1,24777.83,152788,0,python.exe,64.45,277,88.93227267164362,17835.3,320.3,65.7,12.41,467,265,0,0,0,0,1
muril,4c:44:5b:f2:74:61,21/04/2026 22:50:33,99.3,24788.08,128974,0,Discord.exe,28.25,278,90.31545710439359,5800.6,577.1,65.7,7.47,579,290,0,0,0,0,1
muril,4c:44:5b:f2:74:61,21/04/2026 22:50:42,47.7,24808.5,130448,0,python.exe,45.875,278,92.0015175621099,12802.4,435.0,65.7,6.84,334,283,0,0,0,0,1
muril,4c:44:5b:f2:74:61,21/04/2026 22:50:51,87.4,24819.05,211202,4,System Idle Process,25.0,279,91.29815200097907,102322.1,3780.4,65.7,10.79,610,331,0,0,0,0,1
muril,4c:44:5b:f2:74:61,21/04/2026 22:51:00,83.1,24830.05,200744,0,System Idle Process,35.525,283,92.57197405458328,89218.7,38179.9,65.7,33.1,651,488,0,0,0,0,1
muril,4c:44:5b:f2:74:61,21/04/2026 22:51:09,16.4,24838.09,200940,0,System Idle Process,65.05,284,93.33946885326154,29654.5,398.5,65.7,9.34,515,289,0,0,0,0,1
muril,4c:44:5b:f2:74:61,21/04/2026 22:51:34,67.0,24845.31,194005,7244,msedgewebview2.exe,29.525,280,87.76786195080162,572612.6,37822.1,65.7,80.6,1648,1537,0,0,0,0,1
muril,4c:44:5b:f2:74:61,21/04/2026 22:51:44,64.5,24873.22,850624,19364,python.exe,51.45,278,81.12480724513523,95258.4,105657.6,65.7,8.93,235,307,0,0,0,0,1
muril,4c:44:5b:f2:74:61,21/04/2026 22:51:52,18.8,24878.28,166183,0,System Idle Process,70.875,278,77.12980051401297,6748.1,76204.4,65.7,6.47,387,316,0,0,0,0,1
muril,4c:44:5b:f2:74:61,21/04/2026 22:52:01,29.6,24881.34,64262,0,System Idle Process,59.525,278,77.37872965365317,1893.8,139.8,65.7,5.21,216,308,0,0,0,0,1
muril,4c:44:5b:f2:74:61,21/04/2026 22:52:09,15.1,24885.98,81738,0,System Idle Process,58.325,278,78.15195202545588,3127.6,691.2,65.7,3.12,470,171,0,0,0,0,1
muril,4c:44:5b:f2:74:61,21/04/2026 22:52:18,25.9,24890.62,136643,0,System Idle Process,48.125,277,85.02171092889486,53390.3,100.8,65.7,21.89,790,443,0,0,0,0,1
muril,4c:44:5b:f2:74:61,21/04/2026 22:52:28,37.9,24900.16,115535,0,System Idle Process,34.55,277,85.26736017623303,4249.6,8333.4,65.7,256.69,711,1323,0,0,0,0,1
muril,4c:44:5b:f2:74:61,21/04/2026 22:52:36,51.4,24912.56,114391,0,System Idle Process,52.175,278,82.28187492350997,3298.5,67041.4,65.7,197.76,315,1033,0,0,0,0,1
muril,4c:44:5b:f2:74:61,21/04/2026 22:52:45,53.3,24919.37,105686,0,System Idle Process,36.15,278,83.05333496512056,14341.8,16075.3,65.7,57.68,1240,909,0,0,0,0,1
muril,4c:44:5b:f2:74:61,21/04/2026 22:52:54,32.9,24925.2,92511,0,System Idle Process,68.475,278,79.13910170113817,7687.2,6509.4,65.7,8.74,622,361,0,0,0,0,1
muril,4c:44:5b:f2:74:61,21/04/2026 22:53:03,11.6,24928.87,68752,0,System Idle Process,56.675,277,79.17141108799413,1900.9,134.5,65.7,3.86,467,211,0,0,0,0,1
muril,4c:44:5b:f2:74:61,21/04/2026 22:53:11,26.0,24934.59,96465,0,System Idle Process,53.025,277,81.40496879206951,8616.7,281.3,65.7,8.89,524,214,0,0,0,0,1
muril,4c:44:5b:f2:74:61,21/04/2026 22:53:19,23.6,24940.62,134380,0,System Idle Process,46.6,277,83.23020438134867,8883.7,528.0,65.7,12.62,612,328,0,0,0,0,1
muril,4c:44:5b:f2:74:61,21/04/2026 22:53:33,69.9,24954.52,174570,13648,System,21.725,278,88.9097050544609,189834.7,38632.9,65.7,38.45,2000,835,0,0,0,0,1
muril,4c:44:5b:f2:74:61,21/04/2026 22:53:43,89.9,24981.27,332293,13648,python.exe,35.775,278,87.3064741157753,24196.8,28427.8,65.7,27.51,459,416,0,0,0,0,1
muril,4c:44:5b:f2:74:61,21/04/2026 22:53:52,34.6,25005.06,181885,13648,Code.exe,21.0,278,87.63686207318567,9536.0,664.1,65.7,7.74,239,272,0,0,0,0,1
muril,4c:44:5b:f2:74:61,21/04/2026 22:54:01,23.0,25019.48,113901,0,System Idle Process,58.05,278,87.96607514380125,5322.8,273.7,65.7,9.16,564,264,0,0,0,0,1
muril,4c:44:5b:f2:74:61,21/04/2026 22:54:09,42.5,25023.06,82242,0,System Idle Process,63.325,277,86.29259576551217,23752.0,43739.6,65.7,4.94,553,259,0,0,0,0,1
muril,4c:44:5b:f2:74:61,21/04/2026 22:54:18,31.1,25031.41,139242,0,System Idle Process,23.1,277,89.23989719740545,30559.9,1245.0,65.7,63.86,1111,1002,0,0,0,0,1
muril,4c:44:5b:f2:74:61,21/04/2026 22:54:27,25.3,25042.17,224646,0,System Idle Process,24.55,282,92.98142210255783,52915.0,554.3,65.7,7.81,575,346,0,0,0,0,1
muril,4c:44:5b:f2:74:61,21/04/2026 22:54:36,89.3,25054.7,268432,0,opera.exe,16.225,285,93.64464569820096,92094.9,1571.6,65.7,10.46,343,361,0,0,0,0,1
muril,4c:44:5b:f2:74:61,21/04/2026 22:54:47,60.2,25066.09,239938,11580,python.exe,64.2,286,93.63607881532248,48385.1,7024.4,65.7,7.59,396,253,0,0,0,0,1
muril,4c:44:5b:f2:74:61,21/04/2026 22:54:55,75.9,25079.3,227042,0,System Idle Process,60.275,287,86.96027414025211,47523.0,97488.6,65.7,18.03,582,485,0,0,0,0,1
muril,4c:44:5b:f2:74:61,21/04/2026 22:55:05,29.5,25084.48,114069,19364,System Idle Process,36.25,287,88.87700403867336,45149.5,13942.4,65.7,9.25,620,340,0,0,0,0,1
muril,4c:44:5b:f2:74:61,21/04/2026 22:55:23,17.0,25108.33,182064,0,System Idle Process,32.3,289,90.00230081997309,34861.8,32933.2,65.7,8.34,643,268,0,0,0,0,1
muril,4c:44:5b:f2:74:61,21/04/2026 22:55:33,78.8,25116.97,178090,0,System Idle Process,42.4,288,95.19711173662955,51844.9,402.8,65.7,13.05,740,394,0,0,0,0,1
muril,4c:44:5b:f2:74:61,21/04/2026 22:55:47,98.5,25139.0,227863,11580,python.exe,31.175,287,91.69599804185535,67833.6,32571.6,65.7,65.77,1072,1083,0,0,0,0,1
muril,4c:44:5b:f2:74:61,21/04/2026 22:55:56,61.7,25163.02,305620,0,System Idle Process,66.05,287,88.66527964753395,20070.8,45060.7,65.7,19.86,696,384,0,0,0,0,1
muril,4c:44:5b:f2:74:61,21/04/2026 22:56:05,34.6,25174.39,116881,0,Code.exe,21.125,289,89.75909925345735,16926.4,308.8,65.7,12.74,790,415,0,0,0,0,1
muril,4c:44:5b:f2:74:61,21/04/2026 22:56:15,57.3,25190.08,220476,0,Discord.exe,38.85,287,91.08735772855219,45418.4,37442.8,65.7,19.63,695,422,0,0,0,0,1
muril,4c:44:5b:f2:74:61,21/04/2026 22:56:24,51.9,25202.3,175775,0,System Idle Process,60.9,285,90.09638967078692,5000.7,2047.4,65.7,12.52,637,373,0,0,0,0,1
muril,4c:44:5b:f2:74:61,21/04/2026 22:56:33,46.0,25209.5,108404,19364,python.exe,54.125,284,90.7581446579366,6714.1,1833.7,65.7,12.02,573,408,0,0,0,0,1
muril,4c:44:5b:f2:74:61,21/04/2026 23:00:33,28.6,25473.08,185432,0,System Idle Process,46.625,282,88.04454779096805,4604.7,47181.9,65.7,5.6,568,251,0,0,0,0,1
muril,4c:44:5b:f2:74:61,21/04/2026 23:00:43,79.0,25482.97,161278,14656,python.exe,58.575,283,88.82682658181373,5609.8,374.5,65.7,7.66,599,363,0,0,0,0,1
muril,4c:44:5b:f2:74:61,21/04/2026 23:00:52,69.3,25496.41,223654,0,System Idle Process,69.85,283,89.55853628686819,21609.5,488.6,65.7,11.82,550,356,0,0,0,0,1
muril,4c:44:5b:f2:74:61,21/04/2026 23:01:01,61.7,25508.27,166015,0,System Idle Process,20.825,284,89.84657936605068,9331.5,211.6,65.7,22.1,1146,487,0,0,0,0,1
muril,4c:44:5b:f2:74:61,21/04/2026 23:01:10,36.1,25519.59,161201,0,System Idle Process,50.675,283,87.12617794639579,6768.0,13669.4,65.7,9.05,532,313,0,0,0,0,1
muril,4c:44:5b:f2:74:61,21/04/2026 23:01:18,30.2,25528.52,160896,0,System Idle Process,51.9,283,88.51073308040631,11134.8,71.9,65.7,9.31,601,297,0,0,0,0,1
muril,4c:44:5b:f2:74:61,21/04/2026 23:01:27,15.6,25535.27,136200,0,System Idle Process,67.05,284,90.41409864153714,11281.1,336.7,65.7,11.43,596,352,0,0,0,0,1
muril,4c:44:5b:f2:74:61,21/04/2026 23:01:36,37.0,25538.98,80968,0,python.exe,44.875,283,90.22543140374495,6394.1,857.9,65.7,10.88,653,306,0,0,0,0,1
muril,4c:44:5b:f2:74:61,21/04/2026 23:01:47,86.6,25552.95,201223,13648,python.exe,55.225,283,92.09531269122506,40152.8,578.5,65.7,60.33,1106,975,0,0,0,0,1
muril,4c:44:5b:f2:74:61,21/04/2026 23:01:57,27.2,25567.33,207105,10772,Discord.exe,38.85,282,93.71993636029862,38109.8,512.8,65.7,14.83,732,371,0,0,0,0,1
muril,4c:44:5b:f2:74:61,21/04/2026 23:02:08,100.0,25585.62,228175,19364,System Idle Process,28.05,283,93.26931832089096,38554.6,5524.6,65.7,38.87,683,724,0,0,0,0,1
muril,4c:44:5b:f2:74:61,21/04/2026 23:02:16,29.2,25600.03,182209,0,System Idle Process,64.325,282,91.06048219312201,12975.7,47796.4,65.7,29.61,774,777,0,0,0,0,1
muril,4c:44:5b:f2:74:61,21/04/2026 23:02:25,30.8,25607.22,95279,0,System Idle Process,64.275,282,90.46863297026067,3354.5,306.8,65.7,7.31,521,310,0,0,0,0,1
muril,4c:44:5b:f2:74:61,21/04/2026 23:03:00,38.1,25645.89,194651,19364,System Idle Process,37.475,281,92.24643250520133,134385.5,266.2,65.7,16.37,505,326,0,0,0,0,1
muril,4c:44:5b:f2:74:61,21/04/2026 23:03:10,72.4,25656.34,222793,19364,python.exe,31.225,282,91.46175498714967,127772.2,399.2,65.7,34.24,590,358,0,0,0,0,1
